"TF","mean_activity_cirrhotic","mean_activity_healthy","activity_diff","pvalue","padj","regulates","regulates_fibrogenic_gene"
"CDX1",0.705652321526741,-0.800148127064771,1.50580044859151,0.00793650793650794,0.516754850088183,NA,FALSE
"EOMES",0.605017318426062,-0.821578864114903,1.42659618254097,0.00793650793650794,0.516754850088183,"THY1(1)",TRUE
"HESX1",-0.864370931664791,0.677631491973499,-1.54200242363829,0.00793650793650794,0.516754850088183,NA,FALSE
"NR2E3",0.820899026427208,-1.03037723125539,1.8512762576826,0.00793650793650794,0.516754850088183,NA,FALSE
"PAX7",1.00583607338234,-0.799232119391417,1.80506819277376,0.00793650793650794,0.516754850088183,NA,FALSE
"VHL",1.32334417021124,-1.26091032242378,2.58425449263502,0.00793650793650794,0.516754850088183,NA,FALSE
"ZBTB18",-0.794106401523177,1.1028064925406,-1.89691289406377,0.00793650793650794,0.516754850088183,NA,FALSE
"ZFP42",1.3965421516517,-2.07929821611169,3.47584036776339,0.00793650793650794,0.516754850088183,"THY1(1)",TRUE
"ZNF331",1.42048239986441,-1.18828325688229,2.60876565674671,0.00793650793650794,0.516754850088183,NA,FALSE
"BCL11B",1.00597739827114,-0.983980024542349,1.98995742281349,0.0158730158730159,0.531519274376417,NA,FALSE
"DLX2",-1.07980414173279,0.816394470266476,-1.89619861199926,0.0158730158730159,0.531519274376417,NA,FALSE
"HEY2",0.398548303024081,-0.371438398705658,0.76998670172974,0.0158730158730159,0.531519274376417,NA,FALSE
"POU1F1",-0.655317249173465,0.804946617274856,-1.46026386644832,0.0158730158730159,0.531519274376417,NA,FALSE
"SCX",1.35504758244635,-1.5662945225956,2.92134210504195,0.0158730158730159,0.531519274376417,NA,FALSE
"SMAD4",1.22666491478638,-1.19806511221441,2.42473002700079,0.0158730158730159,0.531519274376417,"THBS2(1)",TRUE
"TFAP2C",0.810575781341793,-0.652180842683442,1.46275662402524,0.0158730158730159,0.531519274376417,NA,FALSE
"CTCFL",-0.867987329982836,0.752222824855332,-1.62021015483817,0.0317460317460317,0.531519274376417,NA,FALSE
"E2F5",0.720725127433986,-0.745477616751881,1.46620274418587,0.0317460317460317,0.531519274376417,NA,FALSE
"ESRRA",-0.83031438023344,1.30846492868303,-2.13877930891647,0.0317460317460317,0.531519274376417,NA,FALSE
"FOXA2",0.498742915298959,-0.928599494600706,1.42734240989967,0.0317460317460317,0.531519274376417,NA,FALSE
"HDAC3",0.558823533439058,-0.599415883913764,1.15823941735282,0.0317460317460317,0.531519274376417,NA,FALSE
"HTATIP2",0.43612893284823,-0.518110119699909,0.954239052548139,0.0317460317460317,0.531519274376417,NA,FALSE
"IRF9",0.484715830727861,-0.779705043029509,1.26442087375737,0.0317460317460317,0.531519274376417,NA,FALSE
"KLF4",-1.13378156825456,0.711494369324097,-1.84527593757865,0.0317460317460317,0.531519274376417,NA,FALSE
"MNT",-0.644794444417837,1.11998148942602,-1.76477593384386,0.0317460317460317,0.531519274376417,NA,FALSE
"NANOG",-0.556831373424606,0.801627760892428,-1.35845913431703,0.0317460317460317,0.531519274376417,NA,FALSE
"NR4A2",1.19791891776322,-0.804242845664177,2.0021617634274,0.0317460317460317,0.531519274376417,NA,FALSE
"OVOL1",-0.327035526568675,0.423152773292667,-0.750188299861343,0.0317460317460317,0.531519274376417,NA,FALSE
"SALL4",0.872905279372485,-0.554528918000365,1.42743419737285,0.0317460317460317,0.531519274376417,NA,FALSE
"SMARCC1",-0.820237694956445,1.22713289436378,-2.04737058932022,0.0317460317460317,0.531519274376417,NA,FALSE
"TCF7",-0.416853453423176,0.814257588926924,-1.2311110423501,0.0317460317460317,0.531519274376417,NA,FALSE
"YAP1",0.608269460503894,-1.10884562389181,1.7171150843957,0.0317460317460317,0.531519274376417,NA,FALSE
"ZBTB7B",-0.304496933876576,0.503827483774939,-0.808324417651515,0.0317460317460317,0.531519274376417,NA,FALSE
"ZNF236",0.60345364716591,-0.797402419287335,1.40085606645324,0.0317460317460317,0.531519274376417,NA,FALSE
"ZNF436",-0.461770859220404,0.423809878709697,-0.885580737930101,0.0317460317460317,0.531519274376417,NA,FALSE
"EGR4",0.55419306331611,-0.983662492070391,1.5378555553865,0.0555555555555556,0.538811459543167,NA,FALSE
"FOSB",0.501019614282696,-0.833337672035481,1.33435728631818,0.0555555555555556,0.538811459543167,NA,FALSE
"GFI1B",1.07375496090709,-0.631723308513708,1.7054782694208,0.0555555555555556,0.538811459543167,NA,FALSE
"HAND1",0.56312372509776,-0.469556380149916,1.03268010524768,0.0555555555555556,0.538811459543167,NA,FALSE
"HDAC4",0.86760467706571,-0.818656430604535,1.68626110767024,0.0555555555555556,0.538811459543167,NA,FALSE
"HHEX",0.388693992501662,-0.536962611956938,0.9256566044586,0.0555555555555556,0.538811459543167,NA,FALSE
"HOXA1",-0.781587825895971,0.675290596753785,-1.45687842264976,0.0555555555555556,0.538811459543167,NA,FALSE
"JDP2",1.13336081780425,-1.30030951445507,2.43367033225932,0.0555555555555556,0.538811459543167,NA,FALSE
"KAT5",-0.613732023218059,0.416001165019213,-1.02973318823727,0.0555555555555556,0.538811459543167,NA,FALSE
"KMT2A",-0.745126325060848,0.362557831106568,-1.10768415616742,0.0555555555555556,0.538811459543167,NA,FALSE
"MYBL1",-1.09275801955697,0.504765765963662,-1.59752378552063,0.0555555555555556,0.538811459543167,NA,FALSE
"NKX2-1",0.568290378940772,-1.40902532720594,1.97731570614671,0.0555555555555556,0.538811459543167,NA,FALSE
"NR2F2",-0.702623475100324,0.373709621997869,-1.07633309709819,0.0555555555555556,0.538811459543167,NA,FALSE
"PPARG",-0.835472823972192,0.622125860050066,-1.45759868402226,0.0555555555555556,0.538811459543167,NA,FALSE
"SP2",-0.638349508100355,0.493924407870847,-1.1322739159712,0.0555555555555556,0.538811459543167,NA,FALSE
"SPDEF",-0.567819307120445,1.04860713810515,-1.61642644522559,0.0555555555555556,0.538811459543167,NA,FALSE
"SRF",-0.932289579440164,0.637753140523057,-1.57004271996322,0.0555555555555556,0.538811459543167,NA,FALSE
"VDR",0.50389364231477,-0.623006831005554,1.12690047332032,0.0555555555555556,0.538811459543167,NA,FALSE
"AIRE",-0.44327288790488,0.532895310968858,-0.976168198873738,0.0952380952380952,0.538811459543167,NA,FALSE
"BHLHA15",-0.792908320009734,0.739482354973049,-1.53239067498278,0.0952380952380952,0.538811459543167,NA,FALSE
"CREB3",0.41621919374737,-1.01732718793834,1.43354638168571,0.0952380952380952,0.538811459543167,NA,FALSE
"CREB5",-0.484089462898959,0.858757848558163,-1.34284731145712,0.0952380952380952,0.538811459543167,NA,FALSE
"DMTF1",-0.934632361687995,0.789982655482815,-1.72461501717081,0.0952380952380952,0.538811459543167,NA,FALSE
"ELK4",-0.696649906868807,0.819759606651147,-1.51640951351995,0.0952380952380952,0.538811459543167,NA,FALSE
"ESR2",0.523313570948,-0.511684308094326,1.03499787904233,0.0952380952380952,0.538811459543167,NA,FALSE
"ETS2",0.542410273560226,-0.958469801825577,1.5008800753858,0.0952380952380952,0.538811459543167,NA,FALSE
"FGF2",-0.485371154727297,0.657479480110461,-1.14285063483776,0.0952380952380952,0.538811459543167,NA,FALSE
"FOXC1",0.483776786050971,-1.42501880345314,1.90879558950411,0.0952380952380952,0.538811459543167,NA,FALSE
"FOXL2",-0.451614274483225,1.01000000721546,-1.46161428169868,0.0952380952380952,0.538811459543167,NA,FALSE
"FOXO1",0.824464346439857,-0.862565277754801,1.68702962419466,0.0952380952380952,0.538811459543167,NA,FALSE
"FOXP1",0.243269894063534,-0.561050893251961,0.804320787315495,0.0952380952380952,0.538811459543167,NA,FALSE
"GTF2I",0.457429947437599,-0.85170184866157,1.30913179609917,0.0952380952380952,0.538811459543167,NA,FALSE
"HLX",0.590372559139241,-0.928710851098736,1.51908341023798,0.0952380952380952,0.538811459543167,NA,FALSE
"HMGA1",0.916933310887693,-1.40196901783053,2.31890232871822,0.0952380952380952,0.538811459543167,NA,FALSE
"HNF1A",0.585615727476184,-1.00575878767554,1.59137451515172,0.0952380952380952,0.538811459543167,NA,FALSE
"IRF2",0.685667963993225,-1.35278830761783,2.03845627161106,0.0952380952380952,0.538811459543167,NA,FALSE
"IRF6",0.578103082851579,-1.26879926573696,1.84690234858853,0.0952380952380952,0.538811459543167,NA,FALSE
"KMT2B",0.646004638897158,-0.743919946731185,1.38992458562834,0.0952380952380952,0.538811459543167,NA,FALSE
"LRRFIP1",0.803334603822002,-0.573503803639375,1.37683840746138,0.0952380952380952,0.538811459543167,NA,FALSE
"MITF",0.165180841476576,-0.630433793832093,0.795614635308669,0.0952380952380952,0.538811459543167,NA,FALSE
"MTF1",-0.8829146925085,0.693905422734369,-1.57682011524287,0.0952380952380952,0.538811459543167,NA,FALSE
"MYOCD",-0.849476298311333,1.59507426136322,-2.44455055967456,0.0952380952380952,0.538811459543167,NA,FALSE
"MYOG",-0.979159290715282,1.24246891810285,-2.22162820881813,0.0952380952380952,0.538811459543167,NA,FALSE
"NCOA3",-0.661975528498701,0.835451347743777,-1.49742687624248,0.0952380952380952,0.538811459543167,NA,FALSE
"NEUROD6",-1.10374385962257,0.457373202143666,-1.56111706176624,0.0952380952380952,0.538811459543167,NA,FALSE
"NFIB",0.529312919715822,-0.800379982622938,1.32969290233876,0.0952380952380952,0.538811459543167,NA,FALSE
"NFYC",0.385754118475105,-0.653507494409489,1.03926161288459,0.0952380952380952,0.538811459543167,NA,FALSE
"NKX2-5",0.475988963316563,-0.37241769004102,0.848406653357582,0.0952380952380952,0.538811459543167,NA,FALSE
"PURA",0.630722022682615,-0.42464041173554,1.05536243441815,0.0952380952380952,0.538811459543167,NA,FALSE
"RUNX3",0.356561542010345,-0.377590428277994,0.734151970288339,0.0952380952380952,0.538811459543167,NA,FALSE
"SATB1",0.868222056161343,-0.86643311874473,1.73465517490607,0.0952380952380952,0.538811459543167,NA,FALSE
"SMAD6",-0.263328586770925,0.475546892095667,-0.738875478866592,0.0952380952380952,0.538811459543167,NA,FALSE
"SP7",0.598683024388188,-0.740219764167316,1.3389027885555,0.0952380952380952,0.538811459543167,NA,FALSE
"SRY",0.638996564706535,-0.478603044606919,1.11759960931345,0.0952380952380952,0.538811459543167,NA,FALSE
"STAT1",0.717082910009651,-1.86643411424356,2.58351702425321,0.0952380952380952,0.538811459543167,NA,FALSE
"TEAD4",-0.755565486796878,0.581156450963823,-1.3367219377607,0.0952380952380952,0.538811459543167,NA,FALSE
"UBTF",-0.533764388185497,0.493758107366988,-1.02752249555248,0.0952380952380952,0.538811459543167,NA,FALSE
"ASCL1",0.374518586758468,-0.888964181678283,1.26348276843675,0.150793650793651,0.538811459543167,NA,FALSE
"ATF1",-0.142916926732679,-0.597949179743521,0.455032253010842,0.150793650793651,0.538811459543167,NA,FALSE
"BACH2",0.434747071089235,-0.372727761708579,0.807474832797814,0.150793650793651,0.538811459543167,NA,FALSE
"DLX5",0.611187820671651,-1.36695267621131,1.97814049688296,0.150793650793651,0.538811459543167,"THY1(1)",TRUE
"EGR1",0.32653846037089,-1.66966787017876,1.99620633054965,0.150793650793651,0.538811459543167,NA,FALSE
"ERG",0.543914838430977,-1.33956755244178,1.88348239087275,0.150793650793651,0.538811459543167,NA,FALSE
"ETV4",1.03507447377313,-2.25649955826005,3.29157403203318,0.150793650793651,0.538811459543167,NA,FALSE
"ETV5",0.398015250866019,-0.898581690363505,1.29659694122952,0.150793650793651,0.538811459543167,NA,FALSE
"EZH2",0.187669728046548,-1.0869463601493,1.27461608819585,0.150793650793651,0.538811459543167,NA,FALSE
"FOSB_JUN",0.207034464583014,-1.88342849771239,2.09046296229541,0.150793650793651,0.538811459543167,NA,FALSE
"FOSB_JUNB",0.207034464583014,-1.88342849771239,2.09046296229541,0.150793650793651,0.538811459543167,NA,FALSE
"FOSB_JUND",0.207034464583014,-1.88342849771239,2.09046296229541,0.150793650793651,0.538811459543167,NA,FALSE
"FOSL1_JUN",0.207034464583014,-1.88342849771239,2.09046296229541,0.150793650793651,0.538811459543167,NA,FALSE
"FOSL1_JUNB",0.207034464583014,-1.88342849771239,2.09046296229541,0.150793650793651,0.538811459543167,NA,FALSE
"FOSL1_JUND",0.207034464583014,-1.88342849771239,2.09046296229541,0.150793650793651,0.538811459543167,NA,FALSE
"FOSL2_JUN",0.207034464583014,-1.88342849771239,2.09046296229541,0.150793650793651,0.538811459543167,NA,FALSE
"FOSL2_JUNB",0.207034464583014,-1.88342849771239,2.09046296229541,0.150793650793651,0.538811459543167,NA,FALSE
"FOSL2_JUND",0.207034464583014,-1.88342849771239,2.09046296229541,0.150793650793651,0.538811459543167,NA,FALSE
"FOS_JUN",0.207034464583014,-1.88342849771239,2.09046296229541,0.150793650793651,0.538811459543167,NA,FALSE
"FOS_JUNB",0.207034464583014,-1.88342849771239,2.09046296229541,0.150793650793651,0.538811459543167,NA,FALSE
"FOS_JUND",0.207034464583014,-1.88342849771239,2.09046296229541,0.150793650793651,0.538811459543167,NA,FALSE
"FOXG1",-0.428045450615045,0.578954313122777,-1.00699976373782,0.150793650793651,0.538811459543167,NA,FALSE
"FOXQ1",0.539351174086267,-1.21762427250807,1.75697544659433,0.150793650793651,0.538811459543167,NA,FALSE
"GATA1",0.539482454159061,-1.16215453086052,1.70163698501958,0.150793650793651,0.538811459543167,NA,FALSE
"GATA2",0.417523764520193,-0.329474537094846,0.746998301615039,0.150793650793651,0.538811459543167,NA,FALSE
"GLI3",0.207754494189368,-0.740542965252594,0.948297459441962,0.150793650793651,0.538811459543167,NA,FALSE
"GRHL3",0.339719977947072,-0.775653424999215,1.11537340294629,0.150793650793651,0.538811459543167,NA,FALSE
"HIC1",0.664131981313213,-0.412730745228952,1.07686272654217,0.150793650793651,0.538811459543167,NA,FALSE
"HIF1A",0.437288046252994,-2.29184654966746,2.72913459592045,0.150793650793651,0.538811459543167,NA,FALSE
"HOXC6",0.6066881393338,-0.591682612887642,1.19837075222144,0.150793650793651,0.538811459543167,NA,FALSE
"HR",-0.141325227842852,-1.13158430034262,0.990259072499764,0.150793650793651,0.538811459543167,"THY1(1)",TRUE
"ID1",0.797962978040293,-0.527429652329924,1.32539263037022,0.150793650793651,0.538811459543167,NA,FALSE
"ID2",0.423307041033125,-0.775868357917125,1.19917539895025,0.150793650793651,0.538811459543167,"THY1(1)",TRUE
"JUN",0.390367393348069,-2.29950615875935,2.68987355210742,0.150793650793651,0.538811459543167,NA,FALSE
"JUNB",0.00782305546516588,-1.68203011244198,1.68985316790714,0.150793650793651,0.538811459543167,NA,FALSE
"JUNB_JUND",0.207034464583014,-1.88342849771239,2.09046296229541,0.150793650793651,0.538811459543167,NA,FALSE
"JUND",0.0661703048693896,-1.67580266853201,1.7419729734014,0.150793650793651,0.538811459543167,NA,FALSE
"JUN_JUNB",0.207034464583014,-1.88342849771239,2.09046296229541,0.150793650793651,0.538811459543167,NA,FALSE
"JUN_JUND",0.207034464583014,-1.88342849771239,2.09046296229541,0.150793650793651,0.538811459543167,NA,FALSE
"KLF7",-0.496016543258015,0.50561631855173,-1.00163286180974,0.150793650793651,0.538811459543167,NA,FALSE
"LITAF",0.49700514975423,-1.23849202864241,1.73549717839664,0.150793650793651,0.538811459543167,NA,FALSE
"MAFB",0.591132804896059,-0.545018108494133,1.13615091339019,0.150793650793651,0.538811459543167,NA,FALSE
"MECOM",-0.746247887914888,0.634442726216385,-1.38069061413127,0.150793650793651,0.538811459543167,NA,FALSE
"NEUROD1",0.396580993682769,-0.417396721859307,0.813977715542076,0.150793650793651,0.538811459543167,NA,FALSE
"NFATC1",0.0631865346261449,-1.12186833997253,1.18505487459868,0.150793650793651,0.538811459543167,NA,FALSE
"NR1H3",0.469244865419557,-1.0624732620029,1.53171812742245,0.150793650793651,0.538811459543167,NA,FALSE
"NR2C2",0.265683274839931,-0.782689859115807,1.04837313395574,0.150793650793651,0.538811459543167,NA,FALSE
"NR4A1",-0.40890531090783,0.760441732576416,-1.16934704348425,0.150793650793651,0.538811459543167,NA,FALSE
"NRF1",-1.35941681736077,0.509714691073723,-1.86913150843449,0.150793650793651,0.538811459543167,NA,FALSE
"PAX5",0.357767485393262,-1.56058680075615,1.91835428614941,0.150793650793651,0.538811459543167,NA,FALSE
"PBX1",0.349548950500978,-0.901134492170761,1.25068344267174,0.150793650793651,0.538811459543167,NA,FALSE
"POU2F1",0.432085078130126,-0.893162679083246,1.32524775721337,0.150793650793651,0.538811459543167,NA,FALSE
"POU2F2",0.783461828957864,-2.16480338098695,2.94826520994482,0.150793650793651,0.538811459543167,NA,FALSE
"POU3F2",0.202006617332077,-0.655682224161673,0.857688841493751,0.150793650793651,0.538811459543167,NA,FALSE
"POU4F2",-0.665151842096986,0.227448481787665,-0.892600323884651,0.150793650793651,0.538811459543167,NA,FALSE
"PPARGC1A",-0.811470869320656,0.626740024689711,-1.43821089401037,0.150793650793651,0.538811459543167,NA,FALSE
"RARA",0.665318937483293,-1.48258693309005,2.14790587057334,0.150793650793651,0.538811459543167,NA,FALSE
"SIRT1",-0.413177179483753,0.986762317072596,-1.39993949655635,0.150793650793651,0.538811459543167,NA,FALSE
"SMAD7",-0.87160972060126,1.09696360407001,-1.96857332467127,0.150793650793651,0.538811459543167,NA,FALSE
"SOX9",0.287996658439532,-0.478912239404012,0.766908897843544,0.150793650793651,0.538811459543167,NA,FALSE
"SP1",0.411117733390987,-2.78397458300787,3.19509231639886,0.150793650793651,0.538811459543167,NA,FALSE
"SP3",0.493179579035688,-1.76839972688561,2.2615793059213,0.150793650793651,0.538811459543167,NA,FALSE
"SPI1",0.179241992006567,-1.99234258508123,2.1715845770878,0.150793650793651,0.538811459543167,NA,FALSE
"STAT2",-0.0103799929998744,-0.956852671570396,0.946472678570521,0.150793650793651,0.538811459543167,NA,FALSE
"STAT3",0.804068629551605,-1.71433417738289,2.5184028069345,0.150793650793651,0.538811459543167,NA,FALSE
"STAT6",0.493469876377039,-1.17441551154289,1.66788538791993,0.150793650793651,0.538811459543167,NA,FALSE
"TBP",-0.12554916666872,-1.16026566126038,1.03471649459166,0.150793650793651,0.538811459543167,NA,FALSE
"TFAP4",0.394073916482115,-1.27041259254145,1.66448650902357,0.150793650793651,0.538811459543167,NA,FALSE
"TP53",0.774756560977982,-1.83820599893008,2.61296255990806,0.150793650793651,0.538811459543167,"LUM(1)",TRUE
"ZBED1",0.627423482118082,-1.11620213026267,1.74362561238075,0.150793650793651,0.538811459543167,NA,FALSE
"ZFPM1",-0.47872121950485,0.547822451083072,-1.02654367058792,0.150793650793651,0.538811459543167,NA,FALSE
"ZNF91",0.233631414900004,-0.878952491451313,1.11258390635132,0.150793650793651,0.538811459543167,NA,FALSE
"ARID1A",-0.502864033098814,0.559924938911976,-1.06278897201079,0.222222222222222,0.608515057113188,NA,FALSE
"ARX",-1.13040318163861,-0.12877829662813,-1.00162488501048,0.222222222222222,0.608515057113188,NA,FALSE
"BCL6",0.787857357120739,-0.410179934839872,1.19803729196061,0.222222222222222,0.608515057113188,NA,FALSE
"CEBPB",0.118038521582901,-1.31033631688617,1.42837483846907,0.222222222222222,0.608515057113188,NA,FALSE
"E2F6",-0.608634291424934,0.721773675295641,-1.33040796672057,0.222222222222222,0.608515057113188,NA,FALSE
"ESR1",0.014421107267055,-1.01142905826701,1.02585016553406,0.222222222222222,0.608515057113188,"THBS2(1)",TRUE
"ETV1",0.424515296373953,-0.676412237751082,1.10092753412503,0.222222222222222,0.608515057113188,NA,FALSE
"FOSL1",-0.104121524149904,-0.795611980191882,0.691490456041978,0.222222222222222,0.608515057113188,"THBS2(-1)",TRUE
"HAND2",0.309344332358173,-0.847887446115823,1.157231778474,0.222222222222222,0.608515057113188,NA,FALSE
"HDAC7",0.713859007131392,-0.937531600948997,1.65139060808039,0.222222222222222,0.608515057113188,NA,FALSE
"HNF1B",0.857982414937249,-0.672017193336559,1.52999960827381,0.222222222222222,0.608515057113188,NA,FALSE
"HNF4A",1.11034964934505,-1.40131802817072,2.51166767751577,0.222222222222222,0.608515057113188,NA,FALSE
"HOXA7",0.2193010624163,-0.686062633404847,0.905363695821146,0.222222222222222,0.608515057113188,NA,FALSE
"IRF8",-0.619345719248044,0.154073995705667,-0.773419714953711,0.222222222222222,0.608515057113188,NA,FALSE
"KLF6",0.561905079311654,-0.664388741524281,1.22629382083594,0.222222222222222,0.608515057113188,NA,FALSE
"MAFG",-0.467332754707197,0.0968119597277656,-0.564144714434963,0.222222222222222,0.608515057113188,NA,FALSE
"MEF2C",-0.205400824794636,0.572262210038504,-0.777663034833139,0.222222222222222,0.608515057113188,NA,FALSE
"NCOR2",0.158786195413053,-0.366918469145575,0.525704664558628,0.222222222222222,0.608515057113188,NA,FALSE
"NFE2",0.375352342132005,-0.497429899887666,0.87278224201967,0.222222222222222,0.608515057113188,NA,FALSE
"NFKB1",0.108889558109138,-2.85013856788621,2.95902812599535,0.222222222222222,0.608515057113188,NA,FALSE
"NFKB1_NFKB2",-0.0394897565527567,-2.44039683368937,2.40090707713661,0.222222222222222,0.608515057113188,NA,FALSE
"NFKB1_REL",-0.0394897565527567,-2.44039683368937,2.40090707713661,0.222222222222222,0.608515057113188,NA,FALSE
"NFKB1_RELA",-0.0394897565527567,-2.44039683368937,2.40090707713661,0.222222222222222,0.608515057113188,NA,FALSE
"NFKB1_RELB",-0.0394897565527567,-2.44039683368937,2.40090707713661,0.222222222222222,0.608515057113188,NA,FALSE
"NFKB2",-0.0977151327128065,-2.58613990606397,2.48842477335116,0.222222222222222,0.608515057113188,NA,FALSE
"NFKB2_REL",-0.0394897565527567,-2.44039683368937,2.40090707713661,0.222222222222222,0.608515057113188,NA,FALSE
"NFKB2_RELA",-0.0394897565527567,-2.44039683368937,2.40090707713661,0.222222222222222,0.608515057113188,NA,FALSE
"NFKB2_RELB",-0.0394897565527567,-2.44039683368937,2.40090707713661,0.222222222222222,0.608515057113188,NA,FALSE
"NFYA",-0.923422486862256,0.204969808777293,-1.12839229563955,0.222222222222222,0.608515057113188,NA,FALSE
"NPAS2",-0.57312312413715,0.663811863434459,-1.23693498757161,0.222222222222222,0.608515057113188,NA,FALSE
"PATZ1",-0.542546451984022,0.412027766981631,-0.954574218965653,0.222222222222222,0.608515057113188,NA,FALSE
"PML",0.46051562154359,-0.605457085584461,1.06597270712805,0.222222222222222,0.608515057113188,NA,FALSE
"PROP1",-0.595211453598032,0.266473439568409,-0.861684893166441,0.222222222222222,0.608515057113188,NA,FALSE
"RARG",0.324225675069689,-1.29326825027654,1.61749392534623,0.222222222222222,0.608515057113188,NA,FALSE
"REL",-0.0124060046981826,-2.42611321707482,2.41370721237664,0.222222222222222,0.608515057113188,NA,FALSE
"RELA",0.124109074724926,-2.88188952597325,3.00599860069817,0.222222222222222,0.608515057113188,NA,FALSE
"RELA_RELB",-0.0394897565527567,-2.44039683368937,2.40090707713661,0.222222222222222,0.608515057113188,NA,FALSE
"RELB",0.0417067453364023,-2.54871076578138,2.59041751111778,0.222222222222222,0.608515057113188,NA,FALSE
"REL_RELA",-0.0394897565527567,-2.44039683368937,2.40090707713661,0.222222222222222,0.608515057113188,NA,FALSE
"REL_RELB",-0.0394897565527567,-2.44039683368937,2.40090707713661,0.222222222222222,0.608515057113188,NA,FALSE
"RUNX2",0.864228037930143,-1.3435877242816,2.20781576221174,0.222222222222222,0.608515057113188,NA,FALSE
"SMAD3",0.490901317238866,-1.16090806770732,1.65180938494619,0.222222222222222,0.608515057113188,"THBS2(1)",TRUE
"SOX17",0.439285681149541,-0.635206596198429,1.07449227734797,0.222222222222222,0.608515057113188,NA,FALSE
"SOX2",-0.137102212773876,0.711431438312344,-0.84853365108622,0.222222222222222,0.608515057113188,NA,FALSE
"TBXT",0.381967696247131,-1.00950840840627,1.3914761046534,0.222222222222222,0.608515057113188,"THY1(1)",TRUE
"TCF7L2",0.201248005245595,-0.448957435512483,0.650205440758078,0.222222222222222,0.608515057113188,NA,FALSE
"TRPS1",0.46473236806262,-0.590643172470555,1.05537554053318,0.222222222222222,0.608515057113188,NA,FALSE
"TWIST1",0.207353468146629,-0.57705393157181,0.784407399718439,0.222222222222222,0.608515057113188,NA,FALSE
"USF1",0.234902017332478,-1.72432129013805,1.95922330747053,0.222222222222222,0.608515057113188,NA,FALSE
"ZNF395",0.55393081850021,-0.063914370677199,0.617845189177409,0.222222222222222,0.608515057113188,NA,FALSE
"ASCL2",-0.583698976670961,0.224735663370505,-0.808434640041465,0.30952380952381,0.689661415897157,NA,FALSE
"ATF2",-0.941372077679151,-0.111346206733923,-0.830025870945228,0.30952380952381,0.689661415897157,NA,FALSE
"ATF3",-0.708991055019066,0.123286151550763,-0.832277206569829,0.30952380952381,0.689661415897157,NA,FALSE
"ATF5",-0.724568303142455,0.368843344734465,-1.09341164787692,0.30952380952381,0.689661415897157,NA,FALSE
"BARX2",-0.633445073957454,0.717061358551529,-1.35050643250898,0.30952380952381,0.689661415897157,NA,FALSE
"CDX2",0.056470764317303,-0.664169116789692,0.720639881106995,0.30952380952381,0.689661415897157,NA,FALSE
"CREBBP",-0.888519065596847,0.220539900256716,-1.10905896585356,0.30952380952381,0.689661415897157,NA,FALSE
"CREM",0.349989769726361,-0.420366941698385,0.770356711424745,0.30952380952381,0.689661415897157,NA,FALSE
"CTNNB1",0.650837168086412,-1.50607458995818,2.15691175804459,0.30952380952381,0.689661415897157,NA,FALSE
"CUX1",0.0892809632587595,-1.30042191674976,1.38970288000852,0.30952380952381,0.689661415897157,NA,FALSE
"ELF2",0.482395941991144,-0.716225273787841,1.19862121577899,0.30952380952381,0.689661415897157,NA,FALSE
"ELF3",0.447040303076371,-0.0564896622147404,0.503529965291111,0.30952380952381,0.689661415897157,NA,FALSE
"ELK1",-0.75434873683361,0.123017965897091,-0.877366702730702,0.30952380952381,0.689661415897157,NA,FALSE
"GABPA",0.421166398937571,-0.907267229347016,1.32843362828459,0.30952380952381,0.689661415897157,NA,FALSE
"GATA5",0.422038293617501,0.0152455872044154,0.406792706413086,0.30952380952381,0.689661415897157,NA,FALSE
"HIVEP2",0.404430468617623,-1.32415888342339,1.72858935204101,0.30952380952381,0.689661415897157,NA,FALSE
"IKZF1",0.0444286783603374,-0.521931420301649,0.566360098661986,0.30952380952381,0.689661415897157,NA,FALSE
"IRF5",-0.728697328425895,0.0763707115088701,-0.805068039934765,0.30952380952381,0.689661415897157,NA,FALSE
"KDM5C",0.325081371362697,-0.325947100345589,0.651028471708286,0.30952380952381,0.689661415897157,NA,FALSE
"KLF2",0.253053727937945,-0.108485761625153,0.361539489563097,0.30952380952381,0.689661415897157,NA,FALSE
"LHX2",0.229238399677494,-0.842501713876181,1.07174011355368,0.30952380952381,0.689661415897157,NA,FALSE
"LYL1",0.223572388271476,-0.241125746996474,0.46469813526795,0.30952380952381,0.689661415897157,NA,FALSE
"MEIS1",0.421036204874648,-0.104063341797352,0.525099546672,0.30952380952381,0.689661415897157,NA,FALSE
"MSC",0.00534449788922088,-0.313629509164407,0.318974007053628,0.30952380952381,0.689661415897157,NA,FALSE
"MTA1",0.291329236436534,-0.618590205876606,0.90991944231314,0.30952380952381,0.689661415897157,NA,FALSE
"MYOD1",-0.461235971345219,0.400812413040928,-0.862048384386148,0.30952380952381,0.689661415897157,NA,FALSE
"NFIL3",0.283028803762341,-0.191249443957619,0.47427824771996,0.30952380952381,0.689661415897157,NA,FALSE
"NOTO",0.0791394409568294,-0.758361454430266,0.837500895387095,0.30952380952381,0.689661415897157,NA,FALSE
"NR1I2",0.335197876344116,-0.324953449733727,0.660151326077843,0.30952380952381,0.689661415897157,NA,FALSE
"NR3C1",0.924193556169517,-1.16049571778657,2.08468927395609,0.30952380952381,0.689661415897157,NA,FALSE
"NUPR1",0.355797076694844,-0.246530899358846,0.60232797605369,0.30952380952381,0.689661415897157,NA,FALSE
"PITX2",0.477556670282599,-0.743926620233514,1.22148329051611,0.30952380952381,0.689661415897157,"THBS2(1)",TRUE
"PITX3",0.0441190338158972,-0.945384899060125,0.989503932876022,0.30952380952381,0.689661415897157,NA,FALSE
"PLAG1",0.203781860948542,-0.411145604325619,0.614927465274161,0.30952380952381,0.689661415897157,NA,FALSE
"PRDM1",0.227693604201067,-0.376037884972885,0.603731489173952,0.30952380952381,0.689661415897157,NA,FALSE
"PROX1",0.511052673912073,-0.3258280242038,0.836880698115873,0.30952380952381,0.689661415897157,NA,FALSE
"RARB",0.101248170173191,-0.775780334816085,0.877028504989275,0.30952380952381,0.689661415897157,NA,FALSE
"RB1",0.387804036054036,-0.365312119911369,0.753116155965405,0.30952380952381,0.689661415897157,NA,FALSE
"RFX1",0.368641183384043,-1.57604542654718,1.94468660993122,0.30952380952381,0.689661415897157,NA,FALSE
"RXRB",0.0933387049750486,-1.24019778709123,1.33353649206628,0.30952380952381,0.689661415897157,NA,FALSE
"SIN3A",0.352289119973219,-0.614043303921919,0.966332423895138,0.30952380952381,0.689661415897157,NA,FALSE
"SMAD5",0.314156561148492,-0.592532043829776,0.906688604978268,0.30952380952381,0.689661415897157,NA,FALSE
"SREBF1",-0.467655804132612,0.326421316373141,-0.794077120505752,0.30952380952381,0.689661415897157,NA,FALSE
"TBX3",0.339354627465895,-0.592829359026592,0.932183986492487,0.30952380952381,0.689661415897157,NA,FALSE
"TCF3",-0.526633234094896,0.0880936605925085,-0.614726894687404,0.30952380952381,0.689661415897157,NA,FALSE
"TFAM",-0.506259010005173,0.364018242374026,-0.870277252379199,0.30952380952381,0.689661415897157,NA,FALSE
"TWIST2",0.337780466616688,-0.644969080901193,0.982749547517881,0.30952380952381,0.689661415897157,NA,FALSE
"USF2",0.269901172885721,-0.630564366056069,0.90046553894179,0.30952380952381,0.689661415897157,NA,FALSE
"VSX2",0.354110517959707,-0.440179099311973,0.79428961727168,0.30952380952381,0.689661415897157,NA,FALSE
"AR",-0.661273830293036,0.259854693367255,-0.921128523660291,0.420634920634921,0.724976657329599,NA,FALSE
"ARNT",0.256199088042177,-0.198096208730649,0.454295296772825,0.420634920634921,0.724976657329599,NA,FALSE
"ATF7",0.499263910315039,-0.00273043850390109,0.50199434881894,0.420634920634921,0.724976657329599,NA,FALSE
"BCL3",-0.495361427798709,0.0980613606920637,-0.593422788490772,0.420634920634921,0.724976657329599,NA,FALSE
"BMAL1",-0.807448497946442,0.736929065960599,-1.54437756390704,0.420634920634921,0.724976657329599,NA,FALSE
"CEBPA",0.472699613093523,-1.22995376998142,1.70265338307495,0.420634920634921,0.724976657329599,NA,FALSE
"CLOCK",-0.957019846156984,0.314680475260734,-1.27170032141772,0.420634920634921,0.724976657329599,NA,FALSE
"CREBZF",-0.0974283210290266,0.530011038724597,-0.627439359753624,0.420634920634921,0.724976657329599,NA,FALSE
"DLX4",-1.11625951028825,0.164544348739975,-1.28080385902822,0.420634920634921,0.724976657329599,NA,FALSE
"DNMT3B",0.108130804053159,0.564636446764324,-0.456505642711164,0.420634920634921,0.724976657329599,NA,FALSE
"E2F1",0.113850412159452,-0.0929779954963225,0.206828407655775,0.420634920634921,0.724976657329599,NA,FALSE
"EBF3",-0.54933812075535,0.242849310935449,-0.7921874316908,0.420634920634921,0.724976657329599,NA,FALSE
"ERF",0.526321472286637,0.0592524780986752,0.467068994187962,0.420634920634921,0.724976657329599,NA,FALSE
"ESRRG",-0.367094205173007,0.178029035885445,-0.545123241058453,0.420634920634921,0.724976657329599,NA,FALSE
"ETV7",-0.693679264050695,-0.0679010313426668,-0.625778232708029,0.420634920634921,0.724976657329599,NA,FALSE
"EWSR1",-0.582195084468475,0.186175232401613,-0.768370316870088,0.420634920634921,0.724976657329599,NA,FALSE
"FOSL2",-0.454687676842347,0.0894088145470292,-0.544096491389376,0.420634920634921,0.724976657329599,NA,FALSE
"FOXF2",0.510599087282747,-0.247529385008628,0.758128472291375,0.420634920634921,0.724976657329599,NA,FALSE
"FOXH1",0.103204219868925,-0.441845235631738,0.545049455500663,0.420634920634921,0.724976657329599,NA,FALSE
"FOXO3",0.00259847442621025,-0.634748717002255,0.637347191428465,0.420634920634921,0.724976657329599,NA,FALSE
"GATA6",0.416692631071002,-0.758940151183383,1.17563278225439,0.420634920634921,0.724976657329599,"THY1(1)",TRUE
"HDAC1",0.298534032826868,-0.575085228820141,0.87361926164701,0.420634920634921,0.724976657329599,NA,FALSE
"HES1",0.452333284254572,-0.570196891790492,1.02253017604506,0.420634920634921,0.724976657329599,NA,FALSE
"HIVEP1",-0.329908543467244,0.517141918848565,-0.84705046231581,0.420634920634921,0.724976657329599,NA,FALSE
"HMGB2",0.298516297798338,0.0845334580758662,0.213982839722472,0.420634920634921,0.724976657329599,NA,FALSE
"HOXA13",-0.440931559502959,0.0349105511158673,-0.475842110618826,0.420634920634921,0.724976657329599,NA,FALSE
"HOXA5",0.862369102858055,-0.202873744243992,1.06524284710205,0.420634920634921,0.724976657329599,"THBS2(1)",TRUE
"HOXB7",-0.247997867760384,0.221597725916691,-0.469595593677075,0.420634920634921,0.724976657329599,"THBS2(-1)",TRUE
"HOXD1",-0.22408889418604,0.425332977604598,-0.649421871790638,0.420634920634921,0.724976657329599,NA,FALSE
"ID4",-0.0140579531597336,0.622574896247109,-0.636632849406843,0.420634920634921,0.724976657329599,NA,FALSE
"KLF10",-0.551320489278386,0.0021195947908619,-0.553440084069248,0.420634920634921,0.724976657329599,NA,FALSE
"MBD2",-1.06324966550411,0.035787173279479,-1.09903683878359,0.420634920634921,0.724976657329599,NA,FALSE
"MLXIPL",-0.323924122242592,0.237155270792593,-0.561079393035185,0.420634920634921,0.724976657329599,NA,FALSE
"MSX1",0.239127488258839,-0.353080820806233,0.592208309065072,0.420634920634921,0.724976657329599,NA,FALSE
"MYBL2",-0.590388358670013,0.211598092093072,-0.801986450763085,0.420634920634921,0.724976657329599,NA,FALSE
"MYF6",0.268994028014886,-0.269764789275438,0.538758817290324,0.420634920634921,0.724976657329599,NA,FALSE
"MZF1",-0.115412919200944,0.334712231777879,-0.450125150978823,0.420634920634921,0.724976657329599,NA,FALSE
"NFATC3",-0.606322618139834,-0.0192236176007513,-0.587099000539083,0.420634920634921,0.724976657329599,NA,FALSE
"NFE2L1",-0.00236124783385678,0.963856042997498,-0.966217290831355,0.420634920634921,0.724976657329599,NA,FALSE
"NFE2L3",-0.214070357007952,0.438973968404211,-0.653044325412162,0.420634920634921,0.724976657329599,NA,FALSE
"NFIC",0.267391022392132,0.019448495015814,0.247942527376318,0.420634920634921,0.724976657329599,NA,FALSE
"NFYB",0.00241798581061953,-0.636146936037508,0.638564921848128,0.420634920634921,0.724976657329599,NA,FALSE
"NONO",0.408074300374125,-0.116101712601768,0.524176012975894,0.420634920634921,0.724976657329599,NA,FALSE
"NR2F1",-0.0635453648531631,-0.499782851344805,0.436237486491642,0.420634920634921,0.724976657329599,NA,FALSE
"NR2F6",0.147731902317344,-0.672707200948028,0.820439103265372,0.420634920634921,0.724976657329599,NA,FALSE
"NR5A1",-0.122775291626163,-0.469141869919441,0.346366578293278,0.420634920634921,0.724976657329599,NA,FALSE
"NR5A2",-0.0517707151245219,0.376855787036784,-0.428626502161306,0.420634920634921,0.724976657329599,NA,FALSE
"NRG1",0.128569940278689,-0.26283870114102,0.391408641419708,0.420634920634921,0.724976657329599,NA,FALSE
"OTX2",-0.172059234177491,0.786798539090852,-0.958857773268343,0.420634920634921,0.724976657329599,NA,FALSE
"PAX3",-0.669766621625217,0.238566683571113,-0.90833330519633,0.420634920634921,0.724976657329599,NA,FALSE
"PBRM1",0.175294317775797,-0.395103654009046,0.570397971784843,0.420634920634921,0.724976657329599,NA,FALSE
"RFXANK",0.178702754065404,-2.0654791158724,2.2441818699378,0.420634920634921,0.724976657329599,NA,FALSE
"RXRA",0.0118397982734016,-0.326472728871254,0.338312527144655,0.420634920634921,0.724976657329599,NA,FALSE
"SFPQ",-0.165333489534734,0.473509890501741,-0.638843380036475,0.420634920634921,0.724976657329599,NA,FALSE
"SIM2",0.219752285546354,-0.309860150140817,0.529612435687171,0.420634920634921,0.724976657329599,NA,FALSE
"SKIL",0.388231376707265,-0.580682281751783,0.968913658459049,0.420634920634921,0.724976657329599,NA,FALSE
"SMAD1",0.222928857273405,-0.094311588746511,0.317240446019916,0.420634920634921,0.724976657329599,NA,FALSE
"SMARCA5",0.288582565620724,-0.289584479397947,0.578167045018672,0.420634920634921,0.724976657329599,NA,FALSE
"SNAI1",0.239779807537107,-0.761317875716518,1.00109768325363,0.420634920634921,0.724976657329599,NA,FALSE
"SNAI2",0.315579942496335,-1.40079971914902,1.71637966164536,0.420634920634921,0.724976657329599,NA,FALSE
"SOX10",0.209506595118776,-0.518131708272034,0.727638303390811,0.420634920634921,0.724976657329599,NA,FALSE
"SOX11",-0.218330138742188,0.3996507840681,-0.617980922810289,0.420634920634921,0.724976657329599,NA,FALSE
"STAT5A",-0.173641382005193,-1.08215540851143,0.908514026506234,0.420634920634921,0.724976657329599,NA,FALSE
"TEF",-0.74617323451918,0.469740210801551,-1.21591344532073,0.420634920634921,0.724976657329599,NA,FALSE
"TET1",0.260613218179312,-0.0925571886056177,0.353170406784929,0.420634920634921,0.724976657329599,NA,FALSE
"TFAP2B",0.0945483023316735,-0.576686390461943,0.671234692793616,0.420634920634921,0.724976657329599,NA,FALSE
"TGFB1I1",-0.183385591242812,0.320385657485127,-0.503771248727938,0.420634920634921,0.724976657329599,NA,FALSE
"TGIF1",0.423942767024164,-0.13981732334658,0.563760090370744,0.420634920634921,0.724976657329599,NA,FALSE
"THRB",0.281841671702812,-0.776040520850436,1.05788219255325,0.420634920634921,0.724976657329599,NA,FALSE
"TP73",0.112056846376136,-0.835405781185945,0.947462627562081,0.420634920634921,0.724976657329599,NA,FALSE
"TSC22D1",-0.444191066228102,-0.0939391618612209,-0.350251904366881,0.420634920634921,0.724976657329599,NA,FALSE
"TTF1",-0.0504473050041585,-0.881723727719022,0.831276422714863,0.420634920634921,0.724976657329599,NA,FALSE
"ZBTB14",0.741645080199894,-0.0513558410143369,0.793000921214231,0.420634920634921,0.724976657329599,NA,FALSE
"ZIC1",-0.518288942283958,0.227884819898204,-0.746173762182163,0.420634920634921,0.724976657329599,NA,FALSE
"ZKSCAN7",-0.14396974167956,-0.242617714180106,0.0986479725005459,0.420634920634921,0.724976657329599,NA,FALSE
"ZNF148",0.0523821589599256,-0.616944507871166,0.669326666831092,0.420634920634921,0.724976657329599,NA,FALSE
"ZNF362",-0.172975886470427,-0.559377461786949,0.386401575316522,0.420634920634921,0.724976657329599,NA,FALSE
"APEX1",-0.466226645942878,0.389926473078243,-0.856153119021121,0.547619047619048,0.792357436801881,NA,FALSE
"BACH1",-0.252998217650636,-0.30453042680433,0.0515322091536942,0.547619047619048,0.792357436801881,NA,FALSE
"BATF",0.0526543428955806,-0.260835336584612,0.313489679480192,0.547619047619048,0.792357436801881,NA,FALSE
"BMAL2",-0.598904444214272,0.386586188911132,-0.985490633125404,0.547619047619048,0.792357436801881,NA,FALSE
"BRCA1",0.644687077837961,0.133986939384522,0.510700138453439,0.547619047619048,0.792357436801881,NA,FALSE
"CEBPD",0.0371995272089003,-0.208830489127528,0.246030016336428,0.547619047619048,0.792357436801881,NA,FALSE
"DNMT3A",0.584657156384209,-0.0680109074743992,0.652668063858608,0.547619047619048,0.792357436801881,NA,FALSE
"E2F3",0.228685969183229,-0.452302359651351,0.680988328834581,0.547619047619048,0.792357436801881,NA,FALSE
"E2F4",0.249971359605765,0.0298995921027319,0.220071767503033,0.547619047619048,0.792357436801881,NA,FALSE
"ETV3",0.121681871426207,-0.175018822679563,0.29670069410577,0.547619047619048,0.792357436801881,NA,FALSE
"ETV6",-0.142549844758343,0.556502480839384,-0.699052325597728,0.547619047619048,0.792357436801881,NA,FALSE
"FLI1",-0.323289175263893,-0.00766112687277535,-0.315628048391118,0.547619047619048,0.792357436801881,NA,FALSE
"FOXA1",0.520059053880023,-0.10920362485018,0.629262678730203,0.547619047619048,0.792357436801881,NA,FALSE
"FOXJ1",0.287758317997865,-0.176467255208312,0.464225573206177,0.547619047619048,0.792357436801881,NA,FALSE
"FOXN1",0.0261378515437377,-0.567643509019655,0.593781360563392,0.547619047619048,0.792357436801881,NA,FALSE
"GATA3",-0.00195287429411955,0.38723826002059,-0.38919113431471,0.547619047619048,0.792357436801881,NA,FALSE
"GFI1",0.267179732918599,0.766605319080457,-0.499425586161858,0.547619047619048,0.792357436801881,NA,FALSE
"GLI1",0.0691210761956191,-0.197492849830558,0.266613926026177,0.547619047619048,0.792357436801881,NA,FALSE
"GSC",0.407442196243455,-0.395866756471498,0.803308952714953,0.547619047619048,0.792357436801881,NA,FALSE
"HDAC9",0.0787123795080364,0.358714735943373,-0.280002356435336,0.547619047619048,0.792357436801881,NA,FALSE
"HEY1",0.177585817976012,-0.144773973919856,0.322359791895868,0.547619047619048,0.792357436801881,NA,FALSE
"HIPK2",-0.24813674231196,0.243568531097208,-0.491705273409168,0.547619047619048,0.792357436801881,NA,FALSE
"HOXA9",-0.473345823709598,0.232141683294515,-0.705487507004113,0.547619047619048,0.792357436801881,NA,FALSE
"HOXD13",0.0365587902860616,-0.65286065755434,0.689419447840402,0.547619047619048,0.792357436801881,NA,FALSE
"HSF1",-0.934811784356672,0.156706919048499,-1.09151870340517,0.547619047619048,0.792357436801881,NA,FALSE
"HSF4",0.404666477984676,-0.125946155230487,0.530612633215163,0.547619047619048,0.792357436801881,NA,FALSE
"IRF1",-0.147840351648027,-1.29347012072826,1.14562976908024,0.547619047619048,0.792357436801881,NA,FALSE
"KLF11",-0.310440927920023,0.187312100174465,-0.497753028094488,0.547619047619048,0.792357436801881,NA,FALSE
"KLF15",-0.00632164232639898,0.340561771533253,-0.346883413859652,0.547619047619048,0.792357436801881,NA,FALSE
"LEF1",0.209814376804187,-0.3067570998165,0.516571476620687,0.547619047619048,0.792357436801881,NA,FALSE
"LMX1B",0.144818037191578,-0.216785846459422,0.361603883651,0.547619047619048,0.792357436801881,NA,FALSE
"MAFA",0.42134879638516,-0.0767439829044901,0.49809277928965,0.547619047619048,0.792357436801881,NA,FALSE
"MYC",-0.462417521622856,-2.18075153758507,1.71833401596222,0.547619047619048,0.792357436801881,NA,FALSE
"MYF5",-0.0460542023093487,0.277899171193095,-0.323953373502444,0.547619047619048,0.792357436801881,NA,FALSE
"NCOA1",-0.440586904474399,0.385615355334004,-0.826202259808403,0.547619047619048,0.792357436801881,NA,FALSE
"NCOR1",-0.147072885439611,-0.102847384655037,-0.0442255007845734,0.547619047619048,0.792357436801881,NA,FALSE
"NEUROG2",-0.117796778902407,-0.465001893031278,0.347205114128871,0.547619047619048,0.792357436801881,NA,FALSE
"NFIA",0.0546925682710034,-0.721076413275448,0.775768981546452,0.547619047619048,0.792357436801881,NA,FALSE
"NOTCH1",-0.22763117971532,0.267930860681294,-0.495562040396613,0.547619047619048,0.792357436801881,NA,FALSE
"NR0B1",-0.0195652328696282,-0.37690298918909,0.357337756319462,0.547619047619048,0.792357436801881,NA,FALSE
"NR1H4",0.089648335092139,-0.23735042463342,0.326998759725559,0.547619047619048,0.792357436801881,NA,FALSE
"NR1I3",-0.680014011721782,-0.0724351010493512,-0.60757891067243,0.547619047619048,0.792357436801881,NA,FALSE
"NR3C2",-0.398602828326463,0.144805055422057,-0.54340788374852,0.547619047619048,0.792357436801881,NA,FALSE
"NR4A3",0.0133380954232875,-0.520506146774049,0.533844242197337,0.547619047619048,0.792357436801881,NA,FALSE
"PARK7",-0.555947884396583,0.170752366093085,-0.726700250489668,0.547619047619048,0.792357436801881,NA,FALSE
"PIN1",-0.0859165982616175,-0.417266971933201,0.331350373671583,0.547619047619048,0.792357436801881,NA,FALSE
"PRDM2",-0.349213826363715,-0.110121426185423,-0.239092400178291,0.547619047619048,0.792357436801881,NA,FALSE
"PREB",0.453020393169086,-0.544415369501692,0.997435762670778,0.547619047619048,0.792357436801881,NA,FALSE
"RCOR2",-0.0241731432402288,-0.521839248604458,0.497666105364229,0.547619047619048,0.792357436801881,NA,FALSE
"RFX5",-0.352846286180671,-1.79630193163566,1.44345564545498,0.547619047619048,0.792357436801881,NA,FALSE
"RFXAP",0.0129706708274596,-2.39647269766198,2.40944336848944,0.547619047619048,0.792357436801881,NA,FALSE
"SATB2",-0.0680233020298777,0.164265649049344,-0.232288951079221,0.547619047619048,0.792357436801881,NA,FALSE
"SREBF2",-0.157830852149302,0.281801873835812,-0.439632725985114,0.547619047619048,0.792357436801881,NA,FALSE
"TAL1",0.465034170086073,0.047411281699135,0.417622888386938,0.547619047619048,0.792357436801881,NA,FALSE
"TBPL1",-0.154251397790172,0.00518004396231618,-0.159431441752488,0.547619047619048,0.792357436801881,NA,FALSE
"TBPL2",-0.247127982086019,0.335272663858941,-0.58240064594496,0.547619047619048,0.792357436801881,NA,FALSE
"TBX2",0.326430252902053,0.00673777038150789,0.319692482520545,0.547619047619048,0.792357436801881,NA,FALSE
"TBX5",-0.335637887759858,-0.0750881783831099,-0.260549709376748,0.547619047619048,0.792357436801881,NA,FALSE
"TCF12",-0.235650981729816,-0.58102390331154,0.345372921581724,0.547619047619048,0.792357436801881,NA,FALSE
"TFE3",0.00393608282717107,-0.572392297852086,0.576328380679257,0.547619047619048,0.792357436801881,NA,FALSE
"WT1",0.130846441466056,-0.383818540615059,0.514664982081116,0.547619047619048,0.792357436801881,NA,FALSE
"WWTR1",0.0542426461620314,-0.662214730133783,0.716457376295815,0.547619047619048,0.792357436801881,NA,FALSE
"YBX1",-0.549066100250787,0.511684369451879,-1.06075046970267,0.547619047619048,0.792357436801881,NA,FALSE
"YY1",0.526593353592264,0.0559313749573955,0.470661978634868,0.547619047619048,0.792357436801881,NA,FALSE
"ZGPAT",0.0108977506400717,0.379287899036816,-0.368390148396744,0.547619047619048,0.792357436801881,NA,FALSE
"AHR",0.192026629383617,-0.394524381141102,0.58655101052472,0.69047619047619,0.879606625258799,NA,FALSE
"BCL11A",-0.287939057629498,0.412353397660465,-0.700292455289963,0.69047619047619,0.879606625258799,NA,FALSE
"BTG2",-0.0425249582082397,0.238782432818939,-0.281307391027179,0.69047619047619,0.879606625258799,NA,FALSE
"CEBPG",-0.314949991293618,-0.736811887825954,0.421861896532336,0.69047619047619,0.879606625258799,NA,FALSE
"CREB1",-1.13368382368596,-0.208727006822134,-0.92495681686383,0.69047619047619,0.879606625258799,NA,FALSE
"DDIT3",-0.266480410760468,-0.351393682352473,0.0849132715920051,0.69047619047619,0.879606625258799,NA,FALSE
"DNMT1",0.325166222654359,-0.518542735355516,0.843708958009876,0.69047619047619,0.879606625258799,NA,FALSE
"DOT1L",-0.286986280728913,0.118759953608439,-0.405746234337352,0.69047619047619,0.879606625258799,NA,FALSE
"ELF1",0.0720709968914623,-0.538786711586815,0.610857708478277,0.69047619047619,0.879606625258799,NA,FALSE
"FOS",-0.410256757156332,-1.31592618623508,0.905669429078749,0.69047619047619,0.879606625258799,NA,FALSE
"HINFP",-0.57739254205015,-0.0904714010742048,-0.486921140975945,0.69047619047619,0.879606625258799,NA,FALSE
"HLF",-0.485595410818298,-0.443837663767377,-0.0417577470509217,0.69047619047619,0.879606625258799,NA,FALSE
"HMGA2",-0.230537492016818,-0.821272009163916,0.590734517147098,0.69047619047619,0.879606625258799,NA,FALSE
"HOXA10",0.0309641150155307,-0.0880853125574408,0.119049427572971,0.69047619047619,0.879606625258799,NA,FALSE
"HOXB13",0.358749820876154,-0.236305232792481,0.595055053668635,0.69047619047619,0.879606625258799,NA,FALSE
"HOXB2",-0.0336077461421686,0.27030910777056,-0.303916853912729,0.69047619047619,0.879606625258799,NA,FALSE
"IRF4",0.0356113610219644,0.23175777601034,-0.196146414988376,0.69047619047619,0.879606625258799,NA,FALSE
"KDM5B",0.187527831423472,0.12483723982076,0.0626905916027118,0.69047619047619,0.879606625258799,NA,FALSE
"KLF1",0.204036132428875,0.307232478611712,-0.103196346182837,0.69047619047619,0.879606625258799,NA,FALSE
"KLF8",0.138486043574633,-0.0252815887575411,0.163767632332174,0.69047619047619,0.879606625258799,NA,FALSE
"MAFK",0.329088462351315,-0.113461128348588,0.442549590699903,0.69047619047619,0.879606625258799,NA,FALSE
"MTA3",-0.345655396543331,0.141179432908872,-0.486834829452203,0.69047619047619,0.879606625258799,NA,FALSE
"MYB",-0.0434656577281871,-0.402206119299722,0.358740461571535,0.69047619047619,0.879606625258799,"THBS2(1)",TRUE
"MYT1",-0.484760087122519,0.131610623804282,-0.616370710926802,0.69047619047619,0.879606625258799,NA,FALSE
"NFATC2",0.00727594336651511,-0.484149928945914,0.491425872312429,0.69047619047619,0.879606625258799,NA,FALSE
"NFATC4",0.210611952010953,0.0697861304457783,0.140825821565174,0.69047619047619,0.879606625258799,NA,FALSE
"NFE2L2",0.29723220083471,-0.123766997391005,0.420999198225716,0.69047619047619,0.879606625258799,NA,FALSE
"NR1D1",-0.0984005232754474,0.651260572583148,-0.749661095858596,0.69047619047619,0.879606625258799,NA,FALSE
"PAX2",0.033581748485576,-0.416303820129143,0.449885568614719,0.69047619047619,0.879606625258799,NA,FALSE
"PAX8",-0.387550213678415,-0.615141580097517,0.227591366419102,0.69047619047619,0.879606625258799,NA,FALSE
"PBX2",-0.46255303983551,-0.0949026519899973,-0.367650387845513,0.69047619047619,0.879606625258799,NA,FALSE
"PHF20",-0.428165934960041,-0.143023262917559,-0.285142672042483,0.69047619047619,0.879606625258799,NA,FALSE
"PITX1",-0.162361906612859,0.0704483297853577,-0.232810236398217,0.69047619047619,0.879606625258799,NA,FALSE
"RUNX1",-0.0164503640848752,-0.435085153250669,0.418634789165794,0.69047619047619,0.879606625258799,NA,FALSE
"SMAD2",-0.209593229914376,-0.854309359710975,0.644716129796599,0.69047619047619,0.879606625258799,"THBS2(1)",TRUE
"SOX4",0.677848795250488,-0.0480547492630295,0.725903544513518,0.69047619047619,0.879606625258799,NA,FALSE
"SOX5",-0.0777642574249635,0.150840339540891,-0.228604596965854,0.69047619047619,0.879606625258799,NA,FALSE
"SOX6",-0.410455925704247,0.0647874241897499,-0.475243349893997,0.69047619047619,0.879606625258799,NA,FALSE
"SRSF2",-0.244738359051632,-0.539046019700827,0.294307660649194,0.69047619047619,0.879606625258799,NA,FALSE
"STAT4",-0.239215475519646,-0.970341059681076,0.73112558416143,0.69047619047619,0.879606625258799,NA,FALSE
"TBX21",0.0703064170108186,-1.1376771636808,1.20798358069162,0.69047619047619,0.879606625258799,NA,FALSE
"TCF21",0.169035891643557,0.120382307843398,0.0486535838001584,0.69047619047619,0.879606625258799,NA,FALSE
"TCF4",-0.00594855334399741,0.0223192674541186,-0.028267820798116,0.69047619047619,0.879606625258799,NA,FALSE
"TFCP2",0.230269544687023,-0.438777545878841,0.669047090565864,0.69047619047619,0.879606625258799,NA,FALSE
"THRA",-0.588968328843798,-0.364883541221874,-0.224084787621924,0.69047619047619,0.879606625258799,NA,FALSE
"TLX1",-0.244650881184024,-0.0271348768301534,-0.217516004353871,0.69047619047619,0.879606625258799,NA,FALSE
"TP63",0.18233589199584,-0.372054497519376,0.554390389515216,0.69047619047619,0.879606625258799,NA,FALSE
"ZBTB16",0.0664315149190991,0.529370876383716,-0.462939361464617,0.69047619047619,0.879606625258799,NA,FALSE
"ZBTB17",-0.199801013884118,0.217496484451448,-0.417297498335566,0.69047619047619,0.879606625258799,NA,FALSE
"ZBTB7A",0.593522623900816,-0.174965296507591,0.768487920408407,0.69047619047619,0.879606625258799,NA,FALSE
"ZEB2",-0.0587520380431297,0.0365688607865999,-0.0953208988297296,0.69047619047619,0.879606625258799,NA,FALSE
"ZGLP1",0.132374760068054,-0.26286294626132,0.395237706329374,0.69047619047619,0.879606625258799,NA,FALSE
"ZMYND8",0.480756298648367,0.198153602572682,0.282602696075685,0.69047619047619,0.879606625258799,NA,FALSE
"ZNF354C",-0.175011136931972,-0.333146917328885,0.158135780396913,0.69047619047619,0.879606625258799,NA,FALSE
"ZNF699",-0.560686034398582,0.215511772806369,-0.776197807204951,0.69047619047619,0.879606625258799,NA,FALSE
"ABL1",-0.21078052461246,-0.31131856887828,0.10053804426582,0.841269841269841,0.933682058682059,NA,FALSE
"ATF4",-0.828828442407713,-0.0911093331050955,-0.737719109302618,0.841269841269841,0.933682058682059,NA,FALSE
"ATF6",-0.931876751828271,-0.287536945855338,-0.644339805972933,0.841269841269841,0.933682058682059,NA,FALSE
"BHLHE40",-0.270179746915481,-0.0687660103491192,-0.201413736566362,0.841269841269841,0.933682058682059,NA,FALSE
"CEBPE",-0.0249704024009019,-0.112207382666188,0.0872369802652865,0.841269841269841,0.933682058682059,NA,FALSE
"CTCF",-0.0457314872713099,-0.222436914788862,0.176705427517553,0.841269841269841,0.933682058682059,NA,FALSE
"CXXC1",-0.666126474863155,-0.135212742154146,-0.530913732709009,0.841269841269841,0.933682058682059,NA,FALSE
"DBP",0.213538729927261,-0.481754970822879,0.69529370075014,0.841269841269841,0.933682058682059,NA,FALSE
"E2F2",0.212755298753199,-0.0964716286904972,0.309226927443696,0.841269841269841,0.933682058682059,NA,FALSE
"E4F1",-0.364306118063842,-0.058000698351326,-0.306305419712516,0.841269841269841,0.933682058682059,NA,FALSE
"EHF",0.130060523926712,-0.402203596909197,0.53226412083591,0.841269841269841,0.933682058682059,NA,FALSE
"ENO1",-0.0010026816829364,0.207820229085951,-0.208822910768887,0.841269841269841,0.933682058682059,NA,FALSE
"EP300",-0.371763134796798,-0.391406506496348,0.0196433716995495,0.841269841269841,0.933682058682059,NA,FALSE
"ETS1",-0.148957132924765,-0.590433940536016,0.441476807611251,0.841269841269841,0.933682058682059,"THY1(1)",TRUE
"FHL2",-0.113744130195679,0.0174959472784382,-0.131240077474117,0.841269841269841,0.933682058682059,NA,FALSE
"FOXD3",0.0450039286061812,-0.121259767948634,0.166263696554816,0.841269841269841,0.933682058682059,NA,FALSE
"FOXM1",-0.0726480917685911,-0.0535913975688705,-0.0190566941997205,0.841269841269841,0.933682058682059,NA,FALSE
"FOXO4",-0.0626210317596525,0.148842413094108,-0.21146344485376,0.841269841269841,0.933682058682059,NA,FALSE
"GLI2",0.078773631549627,-0.194834182439395,0.273607813989022,0.841269841269841,0.933682058682059,"LUM(-1)",TRUE
"GTF3A",-0.612866018607115,-0.136927390290734,-0.47593862831638,0.841269841269841,0.933682058682059,NA,FALSE
"HOXC8",0.0330382229857193,0.251170963735264,-0.218132740749544,0.841269841269841,0.933682058682059,NA,FALSE
"HOXD3",0.29031471165126,0.0168708486392704,0.273443863011989,0.841269841269841,0.933682058682059,NA,FALSE
"HSF2",-0.49377061337813,-0.243906701117194,-0.249863912260936,0.841269841269841,0.933682058682059,NA,FALSE
"ID3",0.169276603646768,0.198914774176904,-0.0296381705301352,0.841269841269841,0.933682058682059,NA,FALSE
"ING4",-0.312396600693588,-0.540440486227497,0.228043885533909,0.841269841269841,0.933682058682059,NA,FALSE
"IRF3",-0.0469439573886433,-0.672206884518655,0.625262927130012,0.841269841269841,0.933682058682059,NA,FALSE
"IRF7",-0.160460040293533,-1.0488852659858,0.888425225692266,0.841269841269841,0.933682058682059,NA,FALSE
"IRX1",0.696595968121926,0.291646937435695,0.404949030686231,0.841269841269841,0.933682058682059,NA,FALSE
"KDM5A",-0.30142144506625,-0.484401077322264,0.182979632256014,0.841269841269841,0.933682058682059,NA,FALSE
"LMO2",0.0925110462848381,-0.406881136174185,0.499392182459023,0.841269841269841,0.933682058682059,NA,FALSE
"MAF",0.17205610178489,-0.176632419518478,0.348688521303368,0.841269841269841,0.933682058682059,NA,FALSE
"MAX",-0.109538818327948,-0.230781986039621,0.121243167711673,0.841269841269841,0.933682058682059,NA,FALSE
"MBD1",-0.434627418668625,-0.133649251722369,-0.300978166946256,0.841269841269841,0.933682058682059,NA,FALSE
"MED1",0.118991086665227,-0.397724916837249,0.516716003502476,0.841269841269841,0.933682058682059,NA,FALSE
"MEF2A",-0.325977477698818,-0.10852362939705,-0.217453848301768,0.841269841269841,0.933682058682059,NA,FALSE
"MEF2D",-0.142583666167027,-0.0417271391290972,-0.10085652703793,0.841269841269841,0.933682058682059,NA,FALSE
"MSX2",0.0410832538970795,-0.187812435967627,0.228895689864706,0.841269841269841,0.933682058682059,NA,FALSE
"MXD1",0.0300692715125648,0.340962800062204,-0.310893528549639,0.841269841269841,0.933682058682059,NA,FALSE
"MYCN",0.163528666835055,-0.282105952478537,0.445634619313592,0.841269841269841,0.933682058682059,NA,FALSE
"NCOA2",0.059101814010674,0.57249442875312,-0.513392614742446,0.841269841269841,0.933682058682059,NA,FALSE
"NEUROG3",0.186875991753051,0.0127548359474527,0.174121155805598,0.841269841269841,0.933682058682059,NA,FALSE
"NFIX",0.334376814039728,0.0638910247669805,0.270485789272748,0.841269841269841,0.933682058682059,NA,FALSE
"NFKBIB",-0.652301860860891,-0.236001203083111,-0.416300657777781,0.841269841269841,0.933682058682059,NA,FALSE
"NKX3-1",-0.331432539137601,-0.210857118613107,-0.120575420524494,0.841269841269841,0.933682058682059,NA,FALSE
"NR2C1",-0.293431455051812,-0.0144892320854172,-0.278942222966395,0.841269841269841,0.933682058682059,NA,FALSE
"NR2E1",0.321156783293319,0.142238553374794,0.178918229918525,0.841269841269841,0.933682058682059,NA,FALSE
"NRL",0.162302300119846,0.343030393857227,-0.180728093737381,0.841269841269841,0.933682058682059,NA,FALSE
"OLIG2",-0.39780362510583,-0.170319329070703,-0.227484296035127,0.841269841269841,0.933682058682059,NA,FALSE
"PAWR",0.243264381204701,0.247086816927553,-0.00382243572285143,0.841269841269841,0.933682058682059,NA,FALSE
"PKNOX1",-0.170952969731495,0.224582114342455,-0.395535084073949,0.841269841269841,0.933682058682059,NA,FALSE
"PLAGL1",0.167687797303132,-0.149063940321439,0.316751737624571,0.841269841269841,0.933682058682059,NA,FALSE
"POU4F1",-0.0768935955054027,0.280454713946364,-0.357348309451767,0.841269841269841,0.933682058682059,NA,FALSE
"RBPJ",-0.107308802839819,-0.372436197878991,0.265127395039172,0.841269841269841,0.933682058682059,NA,FALSE
"RORC",-0.117587665997043,-0.245476043056525,0.127888377059482,0.841269841269841,0.933682058682059,NA,FALSE
"SIX1",0.245506121642998,-0.125407383699511,0.370913505342509,0.841269841269841,0.933682058682059,NA,FALSE
"SMARCA1",0.158694906078338,0.0992673460317343,0.0594275600466037,0.841269841269841,0.933682058682059,NA,FALSE
"SPIB",0.203098691071598,-0.204389349164688,0.407488040236286,0.841269841269841,0.933682058682059,NA,FALSE
"SSRP1",-0.00609890022658408,-0.397740695819961,0.391641795593377,0.841269841269841,0.933682058682059,NA,FALSE
"STAT5B",-0.0363463921444805,-0.0718776208431955,0.035531228698715,0.841269841269841,0.933682058682059,NA,FALSE
"TADA2A",-0.0304294156926201,0.234834183853921,-0.265263599546541,0.841269841269841,0.933682058682059,NA,FALSE
"TBX15",-0.261586460178819,-0.392547804670546,0.130961344491727,0.841269841269841,0.933682058682059,NA,FALSE
"TEAD1",-0.622959066118826,-0.306891206215232,-0.316067859903594,0.841269841269841,0.933682058682059,NA,FALSE
"TFAP2A",-0.433051430150906,-0.413664272647766,-0.0193871575031393,0.841269841269841,0.933682058682059,NA,FALSE
"THAP11",0.667764206614888,-0.224198997996831,0.891963204611718,0.841269841269841,0.933682058682059,NA,FALSE
"TRIM28",-0.123727573140647,0.136228562255325,-0.259956135395972,0.841269841269841,0.933682058682059,NA,FALSE
"ZNF143",0.0518582745902821,-0.673621079619236,0.725479354209518,0.841269841269841,0.933682058682059,NA,FALSE
"ZNF300",0.0581444412504667,-0.0574866324991859,0.115631073749653,0.841269841269841,0.933682058682059,NA,FALSE
"ZNF384",-0.0235346056135762,-0.150702695334314,0.127168089720738,0.841269841269841,0.933682058682059,NA,FALSE
"ARID4B",-0.14859066054241,-0.157517254806558,0.00892659426414771,1,1,NA,FALSE
"BARX1",-0.147956570474556,-0.301063708784145,0.153107138309589,1,1,NA,FALSE
"BHLHE41",0.0974467948099388,0.150069037196986,-0.0526222423870468,1,1,NA,FALSE
"BRD4",0.175214677534497,0.055802440234258,0.119412237300239,1,1,NA,FALSE
"CEBPZ",-0.0855248434149099,-0.486193909989866,0.400669066574956,1,1,NA,FALSE
"CIITA",-0.427290882347684,-1.68062935718582,1.25333847483813,1,1,NA,FALSE
"CREB3L1",-0.514297553869607,-0.68040108667371,0.166103532804103,1,1,NA,FALSE
"CRX",0.177255711909269,0.207614048601977,-0.030358336692708,1,1,NA,FALSE
"CTBP2",0.0970626353102956,-0.0800861039797639,0.177148739290059,1,1,NA,FALSE
"DLX3",-0.0366002512425517,-0.231032690307354,0.194432439064802,1,1,NA,FALSE
"EBF1",-0.125855520910655,-0.0825051430346373,-0.0433503778760175,1,1,NA,FALSE
"EGR2",-0.0726188175712228,-0.155079251442124,0.0824604338709009,1,1,NA,FALSE
"EGR3",-0.309958693516476,-0.365366092889159,0.0554073993726835,1,1,NA,FALSE
"ELF4",-0.0766804971689873,-0.240361907120432,0.163681409951444,1,1,"LUM(1)",TRUE
"ELK3",-0.0402900731355388,-0.129533735947541,0.0892436628120026,1,1,NA,FALSE
"EPAS1",0.052162529722848,-0.574799561987234,0.626962091710082,1,1,NA,FALSE
"FOXC2",-0.195122331153319,-0.49770988256942,0.302587551416102,1,1,NA,FALSE
"FOXP3",0.101871682759459,0.218678072233087,-0.116806389473628,1,1,NA,FALSE
"GATA4",-0.224379143512305,0.00291957111865749,-0.227298714630963,1,1,NA,FALSE
"HBP1",-0.220265353813306,-0.0156463546989665,-0.20461899911434,1,1,NA,FALSE
"ISL1",-0.0108052049825307,0.111893309792639,-0.122698514775169,1,1,NA,FALSE
"JARID2",-0.28324761875754,-0.0615104048117155,-0.221737213945824,1,1,NA,FALSE
"KAT2B",-0.1660637090457,-0.283328696425403,0.117264987379703,1,1,NA,FALSE
"KAT6A",-0.0803270752725379,0.0890773862829637,-0.169404461555502,1,1,NA,FALSE
"KAT7",-0.0552767606537106,-0.154936022299301,0.09965926164559,1,1,NA,FALSE
"KLF13",-0.178812454675556,0.00416145003832051,-0.182973904713876,1,1,NA,FALSE
"KLF5",-0.452024850259119,-0.773384897526872,0.321360047267753,1,1,NA,FALSE
"KLF9",-0.509794903972317,-0.387821713135886,-0.121973190836431,1,1,NA,FALSE
"MAZ",-0.299145311268492,-0.199848279080794,-0.0992970321876979,1,1,NA,FALSE
"MECP2",0.236051875145638,0.187984544435689,0.0480673307099489,1,1,NA,FALSE
"MXI1",0.0582682998884635,-0.015926319242544,0.0741946191310076,1,1,NA,FALSE
"NFAT5",-0.369901631357379,-0.953576888011609,0.58367525665423,1,1,NA,FALSE
"NKRF",-0.0461367827021337,-0.165445320269093,0.119308537566959,1,1,NA,FALSE
"NKX2-2",-0.102416962316567,-0.23729296607093,0.134876003754362,1,1,NA,FALSE
"NPM1",-0.221286339292416,-0.540604187488378,0.319317848195963,1,1,NA,FALSE
"NR0B2",0.128246126692549,0.289061170813406,-0.160815044120858,1,1,NA,FALSE
"NR1H2",0.0248918820445135,0.0113198237860175,0.013572058258496,1,1,NA,FALSE
"ONECUT1",-0.261390244464125,0.225725084689336,-0.487115329153461,1,1,NA,FALSE
"PAX6",0.0600986988715202,-0.0992531730796447,0.159351871951165,1,1,NA,FALSE
"PDX1",-0.218734505283363,-0.0807717155688892,-0.137962789714474,1,1,NA,FALSE
"PGR",-0.623437785783621,-0.449237926901987,-0.174199858881634,1,1,NA,FALSE
"POU5F1",-0.738472058419448,-0.015072589980736,-0.723399468438712,1,1,"THY1(1)",TRUE
"PPARA",-0.186670943030487,0.162793105305523,-0.34946404833601,1,1,NA,FALSE
"PPARD",-0.161183913342831,-0.237119851478784,0.075935938135953,1,1,NA,FALSE
"REST",-0.149349993884921,-0.111757687670608,-0.0375923062143132,1,1,NA,FALSE
"RORA",0.364932940978331,0.166383220008028,0.198549720970303,1,1,NA,FALSE
"SMARCA4",-0.206011980512813,-0.321746765606013,0.1157347850932,1,1,NA,FALSE
"SP4",-0.0434493475931318,0.0218609093567088,-0.0653102569498407,1,1,NA,FALSE
"TAF1",-0.236598517075096,0.123926772740024,-0.36052528981512,1,1,NA,FALSE
"TBX18",0.0462922137458707,0.0153678919840947,0.0309243217617759,1,1,"THY1(1)",TRUE
"TFDP1",-0.145717506612678,-0.132651051024548,-0.0130664555881298,1,1,NA,FALSE
"XBP1",-0.478873647721033,-0.0260987130210056,-0.452774934700028,1,1,NA,FALSE
"YBX3",-0.253491620613265,-0.30341947626134,0.0499278556480751,1,1,NA,FALSE
"ZBTB4",0.0614207779470411,-0.565820701441444,0.627241479388486,1,1,NA,FALSE
"ZEB1",-0.243710539839846,-0.393059322619574,0.149348782779728,1,1,NA,FALSE
"ZFPM2",0.088909528075582,-0.0750322056756711,0.163941733751253,1,1,NA,FALSE
"ZNF382",-0.228158259047164,-0.0557581648964299,-0.172400094150734,1,1,NA,FALSE
"ZNF76",0.00292490579032029,-0.0460575344495544,0.0489824402398747,1,1,NA,FALSE
